#,"Country,Other",TotalCases,NewCases,TotalDeaths,NewDeaths,TotalRecovered,NewRecovered,ActiveCases,"Serious,Critical",Tot Cases/1M pop,Deaths/1M pop,TotalTests,Tests/,1M pop,,Population,Continent,1 Caseevery X ppl1 Deathevery X ppl1 Testevery X ppl,New Cases/1M pop,New Deaths/1M pop,Active Cases/1M pop
,,North America,,"115,682,370",+14,"1,533,239",,"110,142,624","+3,281","4,006,507","8,467",,,,,,North America,,,,,,,
,,Asia,,"188,085,078","+128,137","1,476,288",+257,"181,865,607","+205,691","4,743,183","11,197",,,,,,Asia,,,,,,,
,,Europe,,"224,718,619","+68,641","1,915,384",+151,"218,821,968","+126,160","3,981,267","8,953",,,,,,Europe,,,,,,,
,,South America,,"63,957,661","+1,602","1,328,280",,"62,142,054","+4,617","487,327","10,304",,,,,,South America,,,,,,,
,,Oceania,,"12,304,377","+2,537","20,460",+8,"12,120,727","+1,474","163,190",108,,,,,,Australia/Oceania,,,,,,,
,,Africa,,"12,635,040",+17,"257,534",,"11,981,199",+81,"396,307","1,018",,,,,,Africa,,,,,,,
,,,,721,,15,,706,,0,0,,,,,,,,,,,,,
,World,"617,383,866","+200,948","6,531,200",+416,"597,074,885","+341,304","13,777,781","40,047","79,205",837.9,,,,All,,,,,,,
1,USA,"97,509,436",,"1,078,663 ",,"93,968,872",,"2,461,901","3,264","291,065","3,220","1,110,923,905","3,316,099","335,009,318 ",North America,33110,,,"7,349"
2,India,"44,539,046",,"528,355 ",,"43,962,664",,"48,027",698,"31,588",375,"891,577,185","632,334","1,409,977,152 ",Asia,"322,6692",,,34
3,France,"34,916,384",,"154,672 ",,"34,327,931",,"433,781",869,"532,323","2,358","271,490,188","4,139,045","65,592,476 ",Europe,24240,,,"6,613"
4,Brazil,"34,629,759",,"685,422 ",,"33,706,231",,"238,106","8,318","160,399","3,175","63,776,166","295,401","215,896,997 ",South America,63153,,,"1,103"
5,Germany,"32,680,355",,"148,933 ",,"31,949,200","+45,800","582,222","1,406","387,320","1,765","122,332,384","1,449,855","84,375,598 ",Europe,35671,,,"6,900"
6,S. Korea,"24,413,873","+19,407","27,867 ",+39,"23,300,069","+81,453","1,085,937",508,"475,287",543,"15,804,065","307,672","51,366,616 ",Asia,"21,8433",378,0.8,"21,141"
7,UK,"23,585,305",,"189,484 ",,"23,303,056","+5,148","92,765",146,"343,440","2,759","522,526,476","7,608,835","68,673,654 ",Europe,33620,,,"1,351"
8,Italy,"22,169,273","+8,257","176,609 ",+31,"21,565,442","+9,058","427,222",151,"367,860","2,931","244,965,453","4,064,768","60,265,537 ",Europe,33410,137,0.5,"7,089"
9,Japan,"20,699,467","+63,620","43,754 ",+82,"19,788,608","+71,641","867,105",300,"164,776",348,"75,155,424","598,268","125,621,730 ",Asia,"62,8712",506,0.7,"6,903"
10,Russia,"20,488,583","+49,488","386,136 ",+91,"19,425,631","+38,595","676,816","2,300","140,263","2,643","273,400,000","1,871,672","146,072,636 ",Europe,73781,339,0.6,"4,633"
11,Turkey,"16,852,382",,"101,068 ",,"16,715,074","+4,598","36,240",975,"195,177","1,171","162,743,369","1,884,826","86,343,982 ",Asia,58541,,,420
12,Spain,"13,384,876",,"113,725 ",,"13,189,537",,"81,614",339,"286,034","2,430","471,036,328","10,066,005","46,794,766 ",Europe,34110,,,"1,744"
13,Vietnam,"11,460,227","+1,778","43,141 ",+2,"10,579,588",+559,"837,498",93,"115,441",435,"85,826,548","864,548","99,273,313 ",Asia,"92,3011",18,0.02,"8,436"
14,Australia,"10,159,613","+1,168","14,764 ",+5,"10,064,797",,"80,052",53,"388,461",565,"78,815,163","3,013,557","26,153,529 ",Australia/Oceania,"31,7710",45,0.2,"3,061"
15,Argentina,"9,703,938",,"129,855 ",,"9,545,559","+2,833","28,524",308,"210,443","2,816","35,716,069","774,551","46,111,942 ",South America,53551,,,619
16,Netherlands,"8,405,580",,"22,626 ",,"8,350,335","+1,435","32,619",31,"488,169","1,314","21,107,399","1,225,849","17,218,598 ",Europe,27611,,,"1,894"
17,Iran,"7,543,548",+726,"144,319 ",+18,"7,321,458",+517,"77,771",249,"87,342","1,671","53,905,794","624,140","86,368,127 ",Asia,115982,8,0.2,900
18,Mexico,"7,070,352",,"329,898 ",,"6,337,270",,"403,184","4,798","53,594","2,501","18,331,358","138,952","131,925,359 ",North America,194007,,,"3,056"
19,Indonesia,"6,410,426","+1,620","157,915 ",+23,"6,226,446","+3,390","26,065","2,771","22,901",564,"107,942,059","385,627","279,913,332 ",Asia,"441,7733",6,0.08,93
20,Colombia,"6,305,562",,"141,746 ",,"6,132,645",,"31,171",342,"121,072","2,722","36,469,553","700,246","52,081,030 ",South America,83671,,,599
21,Poland,"6,245,370",+720,"117,351 ",,"5,335,950",,"792,069","2,782","165,418","3,108","37,166,399","984,408","37,755,092 ",Europe,63221,19,,"20,979"
22,Taiwan,"5,998,860","+28,449","10,579 ",+31,"5,262,858","+31,406","725,423",,"250,873",442,"25,369,659","1,060,961","23,911,969 ",Asia,"42,2601","1,190",1,"30,337"
23,Portugal,"5,456,778",,"24,951 ",,"5,367,300","+1,611","64,527",61,"538,618","2,463","44,824,531","4,424,459","10,131,075 ",Europe,24060,,,"6,369"
24,Ukraine,"5,096,397",,"108,955 ",,"4,945,784","+1,633","41,658",177,"118,098","2,525","19,521,252","452,364","43,153,863 ",Europe,83962,,,965
25,Austria,"5,027,739","+3,626","20,677 ",,"4,953,814","+3,732","53,248",47,"551,293","2,267","196,767,219","21,575,582","9,119,903 ",Europe,24410,398,,"5,839"
26,Greece,"4,838,811",,"33,829 ",,"4,780,817","+4,832","24,165",115,"469,301","3,281","92,282,015","8,950,142","10,310,676 ",Europe,23050,,,"2,344"
27,Malaysia,"4,818,890",,"36,312 ",,"4,756,967",,"25,611",60,"144,789","1,091","64,284,558","1,931,501","33,282,174 ",Asia,79171,,,770
28,DPRK,"4,772,813",,74 ,,"4,772,739",,0,,"183,370",3,,,"26,028,334 ",Asia,"5351,734",,,
29,Thailand,"4,673,629",+242,"32,643 ",+11,"4,632,640","+1,105","8,346","1,496","66,588",465,"17,270,775","246,069","70,186,771 ",Asia,"152,1504",3,0.2,119
30,Israel,"4,650,295",,"11,681 ",,"4,630,146",,"8,468",101,"498,638","1,253","41,373,364","4,436,346","9,326,000 ",Asia,27980,,,908
31,Chile,"4,587,152","+1,602","60,923 ",,"4,511,362",,"14,867",131,"235,496","3,128","44,767,596","2,298,286","19,478,686 ",South America,43200,82,,763
32,Belgium,"4,511,590",,"32,625 ",,"4,434,851","+1,381","44,114",52,"385,572","2,788","35,440,277","3,028,819","11,701,023 ",Europe,33590,,,"3,770"
33,Canada,"4,216,141",,"44,740 ",,"4,097,405","+3,269","73,996",99,"109,587","1,163","64,759,986","1,683,251","38,473,166 ",North America,98601,,,"1,923"
34,Peru,"4,132,687",,"216,309 ",,"3,900,959","+1,345","15,419",162,"121,597","6,365","34,842,182","1,025,173","33,986,627 ",South America,81571,,,454
35,Czechia,"4,074,269",+300,"40,956 ",+1,"4,017,354","+2,085","15,959",18,"378,901","3,809","56,103,973","5,217,589","10,752,854 ",Europe,32630,28,0.09,"1,484"
36,Switzerland,"4,053,996",,"14,171 ",,"3,989,409","+2,519","50,416",47,"460,973","1,611","22,207,189","2,525,143","8,794,429 ",Europe,26210,,,"5,733"
37,South Africa,"4,015,880",,"102,146 ",,"3,907,091",,"6,643",192,"65,876","1,676","26,174,429","429,365","60,960,743 ",Africa,155972,,,109
38,Philippines,"3,923,727","+3,119","62,587 ",+38,"3,833,454","+1,711","27,686",642,"34,784",555,"32,610,379","289,090","112,803,411 ",Asia,"291,8023",28,0.3,245
39,Romania,"3,254,049",+967,"66,921 ",+2,"3,160,269",+976,"26,859",127,"171,677","3,531","24,936,146","1,315,582","18,954,464 ",Europe,62831,51,0.1,"1,417"
40,Denmark,"3,102,420","+1,393","7,004 ",+11,"3,087,377","+1,396","8,039",,"531,487","1,200","128,319,973","21,982,950","5,837,250 ",Europe,28330,239,2,"1,377"
41,Sweden,"2,578,521",,"20,069 ",,"2,541,113","+1,116","17,339",12,"251,849","1,960","18,916,006","1,847,562","10,238,362 ",Europe,45101,,,"1,694"
42,Iraq,"2,458,509",,"25,348 ",,"2,431,657",,"1,504",21,"58,235",600,"19,239,264","455,724","42,216,932 ",Asia,"171,6652",,,36
43,Serbia,"2,333,969",,"16,882 ",,"2,266,313",,"50,774",24,"269,521","1,949","10,889,207","1,257,460","8,659,683 ",Europe,45131,,,"5,863"
44,Hungary,"2,070,443",,"47,409 ",,"1,988,759",,"34,275",10,"215,532","4,935","11,394,556","1,186,167","9,606,198 ",Europe,52031,,,"3,568"
45,Bangladesh,"2,018,215",+601,"29,340 ",+1,"1,960,977",+362,"27,898","1,331","11,991",174,"14,827,360","88,093","168,314,059 ",Asia,"835,73711",4,0.01,166
46,Singapore,"1,875,275",,"1,607 ",,"1,797,682",,"75,986",6,"315,067",270,"24,345,019","4,090,239","5,951,979 ",Asia,"33,7040",,,"12,767"
47,Slovakia,"1,839,213",+57,"20,436 ",,"1,814,892",+48,"3,885",22,"336,514","3,739","7,285,665","1,333,033","5,465,481 ",Europe,32671,10,,711
48,New Zealand,"1,769,694","+1,369","2,909 ",+3,"1,758,138","+1,471","8,647",,"353,790",582,"7,529,992","1,505,366","5,002,100 ",Australia/Oceania,"31,7201",274,0.6,"1,729"
49,Georgia,"1,762,206",,"16,900 ",,"1,637,293",,"108,013",,"443,628","4,255","16,920,079","4,259,558","3,972,262 ",Asia,22350,,,"27,192"
50,Jordan,"1,745,032",,"14,116  ",,"1,728,545",,"2,371",59,"167,359","1,354","17,188,470","1,648,474","10,426,900 ",Asia,67391,,,227
51,Hong Kong,"1,713,755","+6,260","9,901 ",+10,"1,407,131","+4,956","296,723",17,"224,568","1,297","54,352,132","7,122,227","7,631,339 ",Asia,47710,820,1,"38,882"
52,Ireland,"1,660,635",,"7,862 ",,"1,646,555",+655,"6,218",12,"328,212","1,554","12,682,485","2,506,598","5,059,640 ",Europe,36440,,,"1,229"
53,Pakistan,"1,571,894",+72,"30,607 ",+1,"1,535,895",,"5,392",89,"6,823",133,"30,369,868","131,831","230,369,554 ",Asia,"1477,5278",0.3,,23
54,Norway,"1,461,513",,"4,038 ",,"1,456,328",,"1,147",20,"265,013",732,"11,002,430","1,995,044","5,514,881 ",Europe,"41,3661",,,208
55,Kazakhstan,"1,392,554",+49,"13,690 ",,"1,365,645","+1,490","13,219",24,"72,255",710,"11,575,012","600,585","19,272,901 ",Asia,"141,4082",3,,686
56,Finland,"1,277,473",,"5,858 ",,"1,255,280","+1,201","16,335",21,"229,773","1,054","11,449,717","2,059,403","5,559,727 ",Europe,49490,,,"2,938"
57,Morocco,"1,264,785",+6,"16,277 ",,"1,248,351",+18,157,293,"33,392",430,"12,544,087","331,179","37,877,104 ",Africa,"302,3273",0.2,,4
58,Bulgaria,"1,251,669",,"37,676 ",,"1,203,841",,"10,152",31,"183,180","5,514","10,507,166","1,537,706","6,833,014 ",Europe,51811,,,"1,486"
59,Lithuania,"1,235,469",+96,"9,306 ",,"1,208,102","+1,700","18,061",9,"468,245","3,527","10,148,546","3,846,320","2,638,508 ",Europe,22840,36,-0.38,"6,845"
60,Croatia,"1,224,885",+48,"16,849 ",+9,"1,203,856",+635,"4,180",17,"302,486","4,161","5,192,090","1,282,190","4,049,392 ",Europe,32401,12,2,"1,032"
61,Lebanon,"1,213,769",,"10,657 ",,"1,087,587",,"115,525",74,"179,605","1,577","4,795,578","709,617","6,757,977 ",Asia,66341,,,"17,095"
62,Slovenia,"1,157,703",+590,"6,805 ",+2,"1,125,124",+409,"25,774",12,"556,703","3,272","2,735,040","1,315,196","2,079,569 ",Europe,23061,284,1.0,"12,394"
63,Tunisia,"1,145,163",,"29,243 ",,N/A,N/A,N/A,99,"94,706","2,418","4,935,608","408,177","12,091,821 ",Africa,114132,,,490
64,Guatemala,"1,114,951",,"19,714 ",,"1,093,594",,"1,643",5,"59,790","1,057","5,778,323","309,866","18,647,830 ",North America,179463,,,88
65,Cuba,"1,111,045",+14,"8,530 ",,"1,102,363",+12,152,23,"98,224",754,"14,133,929","1,249,535","11,311,351 ",North America,"101,3261",1,,13
66,Bolivia,"1,107,139",,"22,228 ",,"1,045,209",,"39,702",220,"92,071","1,849","2,705,422","224,987","12,024,816 ",South America,115414,,,"3,302"
67,Costa Rica,"1,072,807",,"8,913 ",,"860,711",,"203,183",52,"206,433","1,715","4,659,757","896,645","5,196,878 ",North America,55831,,,"39,097"
68,UAE,"1,023,349",+389,"2,342 ",,"1,002,726",+377,"18,281",,"100,779",231,"188,422,663","18,555,754","10,154,406 ",Asia,"104,3360",38,,"1,800"
69,Ecuador,"1,000,214",,"35,885 ",,"961,339",+439,"2,990",759,"54,851","1,968","3,082,403","169,038","18,234,979 ",South America,185086,,,164
70,Nepal,"999,316",+75,"12,016 ",,"985,560",+165,"1,740",,"32,986",397,"5,923,465","195,528","30,294,727 ",Asia,"302,5215",2,,57
71,Belarus,"994,037",,"7,118 ",,"985,592",,"1,327",,"105,273",754,"13,646,641","1,445,242","9,442,460 ",Europe,"91,3271",,,141
72,Panama,"984,234",,"8,487 ",,"972,298",,"3,449",16,"220,441","1,901","7,009,916","1,570,027","4,464,839 ",North America,55261,,,772
73,Uruguay,"982,846",,"7,462 ",,"973,869",,"1,515",18,"280,788","2,132","6,114,822","1,746,934","3,500,317 ",South America,44691,,,433
74,Mongolia,"981,963",,"2,179 ",,"977,806",,"1,978",192,"289,244",642,"4,030,048","1,187,077","3,394,934 ",Asia,"31,5581",,,583
75,Latvia,"916,282","+2,911","5,971 ",+2,"891,237",,"19,074",5,"497,928","3,245","7,602,573","4,131,407","1,840,190 ",Europe,23080,"1,582",1,"10,365"
76,Azerbaijan,"819,588",+70,"9,886 ",,"808,050",+83,"1,652",,"79,256",956,"7,217,551","697,951","10,341,062 ",Asia,"131,0461",7,,160
77,Saudi Arabia,"815,326",+131,"9,332 ",+1,"802,499",+113,"3,495",40,"22,641",259,"44,253,921","1,228,873","36,011,782 ",Asia,"443,8591",4,0.03,97
78,Paraguay,"716,009",,"19,564 ",,"695,352",,"1,093",7,"97,734","2,670","2,657,506","362,745","7,326,101 ",South America,103743,,,149
79,Bahrain,"676,094",,"1,520 ",,"672,243",,"2,331",2,"368,987",830,"10,333,072","5,639,403","1,832,299 ",Asia,"31,2050",,,"1,272"
80,Sri Lanka,"670,596",,"16,747 ",,"653,746",,103,,"31,030",775,"6,486,117","300,123","21,611,544 ",Asia,"321,2903",,,5
81,Kuwait,"657,745",,"2,563 ",,"654,870",,312,3,"149,145",581,"8,350,287","1,893,441","4,410,112 ",Asia,"71,7211",,,71
82,Dominican Republic,"644,016",,"4,384 ",,"638,911",,721,4,"58,081",395,"3,657,057","329,814","11,088,228 ",North America,"172,5293",,,65
83,Palestine,"620,548",,"5,403 ",,"608,749",,"6,396",17,"115,699","1,007","3,078,533","573,983","5,363,460 ",Asia,99932,,,"1,193"
84,Myanmar,"618,898",,"19,446 ",,"595,385",,"4,067",,"11,209",352,"8,914,970","161,458","55,215,493 ",Asia,"892,8396",,,74
85,Estonia,"599,493",,"2,661 ",,"524,990",,"71,842",1,"451,254","2,003","3,518,566","2,648,515","1,328,505 ",Europe,24990,,,"54,077"
86,Moldova,"583,183",,"11,808 ",,"504,142",,"67,233",49,"145,314","2,942","3,216,305","801,419","4,013,265 ",Europe,73401,,,"16,753"
87,Cyprus,"582,381",,"1,178 ",,"575,600",+250,"5,603",60,"474,726",960,"9,640,118","7,858,111","1,226,773 ",Asia,"21,0410",,,"4,567"
88,Venezuela,"544,210",,"5,811 ",,"536,905",,"1,494",36,"19,259",206,"3,359,014","118,869","28,258,073 ",South America,"524,8638",,,53
89,Egypt,"515,645",,"24,613 ",,"442,182",,"48,850",122,"4,837",231,"3,693,367","34,647","106,599,139 ",Africa,"2074,33129",,,458
90,Libya,"506,932",+6,"6,437 ",,"500,474",+4,21,101,"71,624",909,"2,481,261","350,573","7,077,728 ",Africa,"141,1003",0.8,,3
91,Ethiopia,"493,430",,"7,572 ",,"471,813",,"14,045",1,"4,069",62,"5,237,754","43,196","121,256,217 ",Africa,"24616,01423",,,116
92,Réunion,"470,388",,884 ,,"418,572",,"50,932",10,"517,236",972,"1,603,660","1,763,376","909,426 ",Africa,"21,0291",,,"56,005"
93,Honduras,"455,836",,"10,992 ",,N/A,N/A,N/A,105,"44,460","1,072","1,520,247","148,278","10,252,662 ",North America,229337,,,"30,460"
94,Qatar,"442,389",+944,682 ,,"435,709",+779,"5,998",3,"157,557",243,"3,923,902","1,397,498","2,807,805 ",Asia,"64,1171",336,,"2,136"
95,Armenia,"439,302",,"8,669 ",,"425,531",,"5,102",,"147,641","2,913","3,198,646","1,075,004","2,975,474 ",Asia,73431,,,"1,715"
96,Oman,"397,993",,"4,260 ",,"384,669",,"9,064",2,"73,790",790,"25,000,000","4,635,106","5,393,620 ",Asia,"141,2660",,,"1,681"
97,Bosnia and Herzegovina,"397,822",,"16,108 ",,"376,230",,"5,484",,"122,945","4,978","1,854,260","573,049","3,235,779 ",Europe,82012,,,"1,695"
98,North Macedonia,"342,248",+173,"9,524 ",+3,"332,051",+186,673,,"164,291","4,572","2,124,867","1,020,009","2,083,185 ",Europe,62191,83,1,323
99,Kenya,"338,341",,"5,675 ",,"332,576",,90,1,"6,000",101,"3,873,782","68,698","56,388,495 ",Africa,"1679,93615",,,2
100,Zambia,"333,387",+5,"4,017 ",,"329,218",+25,152,,"17,078",206,"3,721,778","190,648","19,521,724 ",Africa,"594,8605",0.3,,8
101,Albania,"331,583",,"3,586 ",,"325,711",,"2,286",,"115,500","1,249","1,941,032","676,115","2,870,859 ",Europe,98011,,,796
102,Botswana,"326,127",,"2,787 ",,"322,955",,385,1,"132,759","1,135","2,026,898","825,102","2,456,543 ",Africa,88811,,,157
103,Luxembourg,"288,658",,"1,123 ",,"283,668",,"3,867",,"445,131","1,732","4,402,293","6,788,644","648,479 ",Europe,25770,,,"5,963"
104,Montenegro,"278,386",,"2,779 ",,"274,508",,"1,099",6,"443,119","4,423","2,613,554","4,160,107","628,242 ",Europe,22260,,,"1,749"
105,Algeria,"270,609",,"6,879 ",,"182,244",,"81,486",6,"5,934",151,"230,861","5,063","45,600,639 ",Africa,"1696,629198",,,"1,787"
106,Nigeria,"264,933",,"3,155 ",,"257,954",,"3,824",11,"1,218",15,"5,441,162","25,025","217,429,644 ",Africa,"82168,91640",,,18
107,Zimbabwe,"256,996",,"5,598 ",,"251,156",,242,12,"16,752",365,"2,501,169","163,039","15,340,957 ",Africa,"602,7406",,,16
108,Uzbekistan,"244,023",,"1,637 ",,"241,486",,900,23,"7,065",47,"1,377,915","39,892","34,540,896 ",Asia,"14221,10025",,,26
109,Mozambique,"230,219",,"2,221 ",,"227,882",,116,11,"6,936",67,"1,371,127","41,311","33,190,555 ",Africa,"14414,94424",,,3
110,Brunei ,"224,610",,225 ,,"222,140",,"2,245",3,"502,784",504,"717,784","1,606,740","446,733 ",Asia,"21,9851",,,"5,025"
111,Martinique,"220,192",,"1,042 ",,N/A,N/A,N/A,8,"587,770","2,781","828,928","2,212,699","374,623 ",North America,23600,,,"584,710"
112,Laos,"215,448",+22,757 ,,N/A,N/A,N/A,,"28,693",101,"1,233,207","164,235","7,508,818 ",Asia,"359,9196",3,,"27,572"
113,Kyrgyzstan,"205,920",,"2,991 ",,"196,406",,"6,523",131,"30,452",442,"1,907,195","282,045","6,762,022 ",Asia,"332,2614",,,965
114,Iceland,"205,284",,213  ,,N/A,N/A,N/A,2,"593,075",615,"1,996,384","5,767,646","346,135 ",Europe,"21,6250",,,"373,802"
115,El Salvador,"201,785",,"4,228 ",,"179,410",,"18,147",8,"30,767",645,"2,610,114","397,975","6,558,491 ",North America,"331,5513",,,"2,767"
116,Afghanistan,"197,434",+101,"7,796 ",,"176,064",+110,"13,574","1,124","4,831",191,"1,091,811","26,717","40,865,591 ",Asia,"2075,24237",2,,332
117,Guadeloupe,"191,997",,986 ,,N/A,N/A,N/A,19,"479,663","2,463","938,039","2,343,486","400,275 ",North America,24060,,,"471,578"
118,Maldives,"184,966",,308 ,,"163,687",,"20,971",25,"329,368",548,"2,213,831","3,942,154","561,579 ",Asia,"31,8230",,,"37,343"
119,Trinidad and Tobago,"182,247",,"4,191 ",,"173,651",,"4,405",18,"129,299","2,973","832,195","590,420","1,409,497 ",North America,83362,,,"3,125"
120,Uganda,"169,396",,"3,628 ",,"100,431",,"65,337",3,"3,462",74,"3,012,408","61,561","48,933,492 ",Africa,"28913,48816",,,"1,335"
121,Namibia,"169,253",,"4,065 ",,"164,813",,375,,"64,048","1,538","1,062,663","402,131","2,642,578 ",Africa,166502,,,142
122,Ghana,"168,616",,"1,459 ",,"167,123",,34,2,"5,187",45,"2,498,516","76,863","32,506,137 ",Africa,"19322,28013",,,1
123,Jamaica,"151,269",,"3,294 ",,"98,136",,"49,839",,"50,596","1,102","1,178,757","394,271","2,989,713 ",North America,209083,,,"16,670"
124,Cambodia,"137,771",+4,"3,056 ",,"134,659",+9,56,,"7,996",177,"3,063,149","177,778","17,230,175 ",Asia,"1255,6386",0.2,,3
125,Rwanda,"132,486",,"1,466 ",,"130,955",,65,,"9,698",107,"5,796,927","424,320","13,661,702 ",Africa,"1039,3192",,,5
126,Cameroon,"121,652",,"1,935 ",,"118,616",,"1,101",13,"4,344",69,"1,751,774","62,550","28,006,042 ",Africa,"23014,47316",,,39
127,Malta,"114,425",+14,804 ,,"113,066",+12,555,4,"257,633","1,810","2,055,600","4,628,270","444,140 ",Europe,45520,32,,"1,250"
128,Angola,"103,131",,"1,917 ",,"101,155",,59,,"2,936",55,"1,499,795","42,698","35,125,698 ",Africa,"34118,32323",,,2
129,Barbados,"102,193",,559 ,,"101,283",,351,,"354,650","1,940","761,912","2,644,132","288,152 ",North America,35150,,,"1,218"
130,French Guiana,"93,925",,410 ,,"11,254",,"82,261",3,"297,429","1,298","651,257","2,062,310","315,790 ",South America,37700,,,"260,493"
131,DRC,"92,751",,"1,422 ",,"83,504",,"7,825",,970,15,"846,704","8,859","95,578,807 ",Africa,"1,03067,214113",,,82
132,Channel Islands,"90,547",,200 ,,"89,857",,490,,"510,403","1,127","1,252,808","7,061,932","177,403 ",Europe,28870,,,"2,762"
133,Senegal,"88,268",,"1,968 ",,"86,174",,126,,"4,982",111,"1,146,543","64,707","17,718,982 ",Africa,"2019,00415",,,7
134,Malawi,"87,980",,"2,680 ",,"84,798",,502,67,"4,351",133,"614,484","30,386","20,222,305 ",Africa,"2307,54633",,,25
135,Ivory Coast,"87,031",,822 ,,"86,158",,51,,"3,128",30,"1,622,732","58,326","27,821,688 ",Africa,"32033,84617",,,2
136,Suriname,"81,078",,"1,384 ",,"49,620",,"30,074",,"135,527","2,313","239,051","399,588","598,243 ",South America,74323,,,"50,271"
137,French Polynesia,"76,578",,649 ,,N/A,N/A,N/A,7,"269,172","2,281",,,"284,495 ",Australia/Oceania,4438,,,"149,138"
138,New Caledonia,"74,086",,314 ,,"73,639",,133,9,"254,101","1,077","98,964","339,428","291,561 ",Australia/Oceania,49293,,,456
139,Eswatini,"73,379",,"1,422 ",,"71,950",,7,11,"61,834","1,198","1,045,030","880,618","1,186,701 ",Africa,168351,,,6
140,Guyana,"71,256",,"1,281 ",,"69,864",,111,,"89,638","1,611","692,730","871,430","794,935 ",South America,116211,,,140
141,Belize,"68,704",,680 ,,"67,860",,164,6,"166,121","1,644","576,016","1,392,766","413,577 ",North America,66081,,,397
142,Fiji,"68,223",,878 ,,"66,274",,"1,071",,"74,905",964,"659,796","724,418","910,794 ",Australia/Oceania,"131,0371",,,"1,176"
143,Madagascar,"66,660",,"1,410 ",,"65,230",,20,2,"2,278",48,"512,454","17,511","29,264,115 ",Africa,"43920,75557",,,0.7
144,Sudan,"63,275",,"4,961 ",,"57,234",+34,"1,080",,"1,372",108,"562,941","12,208","46,111,576 ",Africa,"7299,29582",,,23
145,Mauritania,"62,784",,994 ,,"61,777",,13,,"12,762",202,"964,179","195,982","4,919,734 ",Africa,"784,9495",,,3
146,Cabo Verde,"62,354",,410 ,,"61,877",,67,23,"109,522",720,"401,622","705,432","569,328 ",Africa,"91,3891",,,118
147,Bhutan,"61,730",+311,21 ,,"61,564",+251,145,,"78,102",27,"2,303,734","2,914,724","790,378 ",Asia,"1337,6370",393,,183
148,Syria,"57,220",,"3,163 ",,"53,984",,73,,"3,103",172,"146,269","7,932","18,440,088 ",Asia,"3225,830126",,,4
149,Burundi,"49,370",,38 ,,"48,578",,754,,"3,896",3,"345,742","27,281","12,673,418 ",Africa,"257333,51137",,,59
150,Gabon,"48,682",,306 ,,"48,266",,110,,"20,788",131,"1,615,785","689,980","2,341,784 ",Africa,"487,6531",,,47
151,Seychelles,"46,358",,169 ,,"45,977",,212,,"465,012","1,695",,,"99,692 ",Africa,2590,,,"2,127"
152,Andorra,"46,147",,155 ,,"45,938",,54,14,"595,153","1,999","249,838","3,222,136","77,538 ",Europe,25000,,,696
153,Curaçao,"45,127",,282 ,,"44,720",,125,3,"272,547","1,703","496,693","2,999,807","165,575 ",North America,45870,,,755
154,Papua New Guinea,"44,931",,664 ,,"43,982",,285,7,"4,820",71,"249,149","26,728","9,321,504 ",Australia/Oceania,"20714,03837",,,31
155,Aruba,"42,914",,227 ,,"42,438",,249,2,"398,211","2,106","177,885","1,650,644","107,767 ",North America,34751,,,"2,311"
156,Mauritius,"40,401",,"1,023 ",,"38,728",,650,,"31,652",801,"358,675","280,999","1,276,428 ",Africa,"321,2484",,,509
157,Mayotte,"40,161",,187 ,,N/A,N/A,N/A,,"139,758",651,"176,919","615,670","287,360 ",Africa,"71,5372",,,"128,793"
158,Tanzania,"39,253",,845 ,,N/A,N/A,N/A,7,618,13,,,"63,494,203 ",Africa,"1,61875,141",,,602
159,Togo,"38,741",,284 ,,"38,223",,234,,"4,449",33,"789,652","90,687","8,707,473 ",Africa,"22530,66011",,,27
160,Isle of Man,"38,008",,116 ,,N/A,N/A,N/A,,"441,815","1,348","150,753","1,752,392","86,027 ",Europe,27421,,,"129,006"
161,Guinea,"37,652",,449 ,,"36,880",,323,8,"2,705",32,"660,107","47,422","13,919,987 ",Africa,"37031,00221",,,23
162,Bahamas,"37,187",,833 ,,"36,013",,341,1,"92,610","2,074","248,846","619,721","401,545 ",North America,114822,,,849
163,Faeroe Islands,"34,658",,28 ,,N/A,N/A,N/A,5,"703,387",568,"778,000","15,789,581","49,273 ",Europe,"11,7600",,,"546,689"
164,Lesotho,"34,490",,706 ,,"25,980",,"7,804",,"15,823",324,"431,221","197,829","2,179,763 ",Africa,"633,0875",,,"3,580"
165,Haiti,"33,721",,857 ,,"31,266",,"1,598",,"2,880",73,"132,422","11,309","11,709,625 ",North America,"34713,66488",,,136
166,Mali,"32,508",,740 ,,"31,101",,667,,"1,509",34,"754,246","35,016","21,539,835 ",Africa,"66329,10829",,,31
167,Cayman Islands,"30,545",,31 ,,"8,553",,"21,961",1,"453,008",460,"222,773","3,303,914","67,427 ",North America,"22,1750",,,"325,700"
168,Saint Lucia,"28,894",,391 ,,"28,369",,134,,"155,779","2,108","209,716","1,130,660","185,481 ",North America,64741,,,722
169,Benin,"27,638",,163 ,,"27,322",,153,5,"2,155",13,"604,310","47,120","12,824,899 ",Africa,"46478,68021",,,12
170,Somalia,"27,197",,"1,352 ",,"13,182",,"12,663",,"1,612",80,"400,466","23,734","16,873,094 ",Africa,"62012,48042",,,750
171,Congo,"24,837",,386 ,,"24,006",,445,,"4,269",66,"347,815","59,780","5,818,219 ",Africa,"23415,07317",,,76
172,Timor-Leste,"23,239",,138 ,,"23,067",,34,,"16,914",100,"275,776","200,720","1,373,931 ",Asia,"599,9565",,,25
173,Solomon Islands,"21,544",,153 ,,"16,357",,"5,034",1,"29,753",211,"5,117","7,067","724,106 ",Australia/Oceania,"344,733142",,,"6,952"
174,Burkina Faso,"21,128",,387 ,,"20,632",,109,,953,17,"248,995","11,231","22,169,927 ",Africa,"1,04957,28789",,,5
175,San Marino,"20,552",,118 ,,"20,351",,83,4,"602,892","3,462","157,634","4,624,190","34,089 ",Europe,22890,,,"2,435"
176,Gibraltar,"20,069",,108 ,,"16,579",,"3,382",,"596,068","3,208","534,283","15,868,692","33,669 ",Europe,23120,,,"100,448"
177,Grenada,"19,473",,236 ,,"19,142",,95,4,"171,304","2,076","179,054","1,575,140","113,675 ",North America,64821,,,836
178,Liechtenstein,"19,439",+1,86 ,,"19,255",+5,98,1,"506,620","2,241","102,174","2,662,862","38,370 ",Europe,24460,26,,"2,554"
179,Nicaragua,"18,491",,225 ,,"4,225",,"14,041",,"2,720",33,,,"6,798,679 ",North America,"36830,216",,,"2,065"
180,Bermuda,"18,077",,148 ,,"17,860",,69,,"292,650","2,396","1,000,375","16,195,159","61,770 ",North America,34170,,,"1,117"
181,South Sudan,"17,823",,138 ,,"17,335",,350,1,"1,552",12,"410,280","35,727","11,483,660 ",Africa,"64483,21528",,,30
182,Tajikistan,"17,786",,125 ,,"17,264",,397,,"1,777",12,,,"10,011,007 ",Asia,"56380,088",,,40
183,Equatorial Guinea,"16,991",,183 ,,"16,661",,147,5,"11,291",122,"365,697","243,011","1,504,855 ",Africa,"898,2234",,,98
184,Tonga,"16,182",,12 ,,"15,638",,532,,"149,360",111,"535,009","4,938,150","108,342 ",Australia/Oceania,"79,0290",,,"4,910"
185,Samoa,"15,889",,29 ,,"1,605",,"14,255",4,"78,922",144,"187,397","930,814","201,326 ",Australia/Oceania,"136,9421",,,"70,806"
186,Djibouti,"15,690",,189 ,,"15,427",,74,,"15,386",185,"305,941","300,017","1,019,744 ",Africa,"655,3953",,,73
187,Marshall Islands,"15,213",,17 ,,"15,118",,78,22,"253,246",283,,,"60,072 ",Australia/Oceania,"43,534",,,"1,298"
188,CAR,"14,904",,113 ,,"14,520",,271,2,"2,972",23,"81,294","16,209","5,015,307 ",Africa,"33744,38362",,,54
189,Dominica,"14,852",,68 ,,"14,554",,230,,"205,192",939,"210,195","2,904,008","72,381 ",North America,"51,0640",,,"3,178"
190,Monaco,"14,501",,63 ,,"14,372",,66,4,"363,826","1,581","78,646","1,973,204","39,857 ",Europe,36331,,,"1,656"
191,Gambia,"12,508",,372 ,,"12,028",,108,,"4,873",145,"155,686","60,656","2,566,704 ",Africa,"2056,90016",,,42
192,Greenland,"11,971",,21 ,,"2,761",,"9,189",4,"210,065",369,"164,926","2,894,099","56,987 ",North America,"52,7140",,,"161,247"
193,Saint Martin,"11,941",,63 ,,"1,399",,"10,479",7,"297,610","1,570","112,382","2,800,937","40,123 ",North America,36370,,,"261,172"
194,Yemen,"11,932",,"2,155 ",,"9,119",,658,23,381,69,"329,592","10,538","31,277,481 ",Asia,"2,62114,51495",,,21
195,Vanuatu,"11,930",,14 ,,"11,889",,27,,"36,934",43,"24,976","77,324","323,005 ",Australia/Oceania,"2723,07213",,,84
196,Caribbean Netherlands,"11,200",,36 ,,"10,476",,688,,"418,519","1,345","30,126","1,125,743","26,761 ",North America,27431,,,"25,709"
197,Sint Maarten,"10,855",,87 ,,"10,762",,6,10,"246,980","1,979","62,056","1,411,936","43,951 ",North America,45051,,,137
198,Eritrea,"10,164",,103 ,,"10,056",,5,,"2,781",28,"23,693","6,483","3,654,864 ",Africa,"36035,484154",,,1
199,Niger,"9,931",,312 ,,"8,890",,729,1,380,12,"254,538","9,736","26,143,380 ",Africa,"2,63383,793103",,,28
200,Micronesia,"9,759",,29 ,,157,,"9,573",1,"82,923",246,"21,923","186,282","117,687 ",Australia/Oceania,"124,0585",,,"81,343"
201,Antigua and Barbuda,"9,008",,145  ,,"8,830",,33,1,"90,333","1,454","18,901","189,541","99,720 ",North America,116885,,,331
202,Guinea-Bissau,"8,796",,175 ,,"8,301",,320,6,"4,248",85,"145,231","70,133","2,070,783 ",Africa,"23511,83314",,,155
203,Comoros,"8,467",,161 ,,"8,302",,4,,"9,299",177,,,"910,532 ",Africa,"1085,655",,,4
204,Liberia,"7,929",,294 ,,"7,544",,91,2,"1,490",55,"139,824","26,281","5,320,359 ",Africa,"67118,09638",,,17
205,Sierra Leone,"7,750",,126 ,,N/A,N/A,N/A,,930,15,"259,958","31,187","8,335,423 ",Africa,"1,07666,15432",,,331
206,Chad,"7,560",,193 ,,"4,874",,"2,493",,433,11,"191,341","10,954","17,467,474 ",Africa,"2,31190,50591",,,143
207,British Virgin Islands,"7,305",,64 ,,N/A,N/A,N/A,,"238,142","2,086","107,339","3,499,234","30,675 ",North America,44790,,,391
208,St. Vincent Grenadines,"7,112",,115 ,,"6,641",,356,,"63,660","1,029","100,856","902,773","111,718 ",North America,169711,,,"3,187"
209,Saint Kitts and Nevis,"6,541",,46 ,,"6,482",,13,,"121,062",851,"124,861","2,310,957","54,030 ",North America,"81,1750",,,241
210,Cook Islands,"6,389",,1 ,,"6,384",,4,,"363,011",57,"19,690","1,118,750","17,600 ",Australia/Oceania,"317,6001",,,227
211,Turks and Caicos,"6,380",,36 ,,"6,321",,23,4,"160,004",903,"550,093","13,795,782","39,874 ",North America,"61,1080",,,577
212,Sao Tome and Principe,"6,193",,76 ,,"6,101",,16,,"27,144",333,"29,036","127,267","228,151 ",Africa,"373,0028",,,70
213,Palau,"5,445",,6 ,,"5,426",,13,1,"297,801",328,"64,681","3,537,574","18,284 ",Australia/Oceania,"33,0470",,,711
214,St. Barth,"5,263",,6 ,,N/A,N/A,N/A,,"529,264",603,"78,646","7,908,890","9,944 ",North America,"21,6570",,,"482,200"
215,Nauru,"4,611",,1 ,,"4,605",,5,,"420,175",91,"20,509","1,868,872","10,974 ",Australia/Oceania,"210,9741",,,456
216,Anguilla,"3,851",,12 ,,"3,821",,18,4,"251,716",784,"51,382","3,358,520","15,299 ",North America,"41,2750",,,"1,177"
217,Kiribati,"3,430",,13 ,,"2,703",,714,3,"27,774",105,,,"123,498 ",Australia/Oceania,"369,500",,,"5,781"
218,Saint Pierre Miquelon,"3,131",,1 ,,"2,449",,681,1,"546,232",174,"24,902","4,344,382","5,732 ",North America,"25,7320",,,"118,807"
219,Falkland Islands,"1,886",, ,,"1,886",,0,,"509,179",,"8,632","2,330,454","3,704 ",South America,20,,,
220,Montserrat,"1,326",,8 ,,"1,188",,130,,"265,253","1,600","16,903","3,381,276","4,999 ",North America,46250,,,"26,005"
221,Macao,793,,6 ,,787,,0,,"1,186",9,"7,850","11,736","668,891 ",Asia,"843111,48285",,,
222,Wallis and Futuna,761,,7 ,,438,,316,,"70,430",648,"20,508","1,898,010","10,805 ",Australia/Oceania,"141,5441",,,"29,246"
223,Diamond Princess,712,,13 ,,699,,0,,,,,, ,,,,,
224,Niue,79,, ,,77,+3,2,,"47,879",,,,"1,650 ",Australia/Oceania,21,,,"1,212"
225,Saint Helena,57,, ,,2,,55,,"9,318",,,,"6,117 ",Africa,107,,,"8,991"
226,Vatican City,29,, ,,29,,0,,"36,025",,,,805 ,Europe,28,,,
227,Tuvalu,20,, ,,,,20,,"1,651",,,,"12,113 ",Australia/Oceania,606,,,"1,651"
228,Western Sahara,10,,1 ,,9,,0,,16,2,,,"629,792 ",Africa,"62,979629,792",,,
229,MS Zaandam,9,,2 ,,7,,0,,,,,, ,,,,,
230,China,"248,326",+147,"5,226 ",,"239,454",+366,"3,646",35,173,4,"160,000,000","111,163","1,439,323,776 ",Asia,"5,796275,4169",0.1,,3
,Total:,"115,682,370",+14,"1,533,239",,"110,142,624",,"4,006,507","8,467",,,,,,North America, ,,,,,
,Total:,"188,085,078","+128,137","1,476,288",+257,"181,865,607","+205,691","4,743,183","11,197",,,,,,Asia, ,,,,,
,Total:,"224,718,619","+68,641","1,915,384",+151,"218,821,968","+126,160","3,981,267","8,953",,,,,,Europe, ,,,,,
,Total:,"63,957,661","+1,602","1,328,280",,"62,142,054",,"487,327","10,304",,,,,,South America, ,,,,,
,Total:,"12,304,377","+2,537","20,460",+8,"12,120,727","+1,474","163,190",108,,,,,,Australia/Oceania, ,,,,,
,Total:,"12,635,040",+17,"257,534",,"11,981,199",,"396,307","1,018",,,,,,Africa, ,,,,,
,Total:,721,,15,,706,,0,0,,,,,,, ,,,,,
,Total:,"617,383,866","+200,948","6,531,200",+416,"597,074,885","+341,304","13,777,781","40,047","79,204.6",837.9,,,,All,,,,,,,
